brand_name_kr,brand_name_en,brand_urls,info
투에투아, TUETTOI ,https://www.musinsa.com/brands/tuettoi,투에투아| TUETTOI |https://www.musinsa.com/brands/tuettoi
레스트앤레크레이션, REST&RECREATION ,https://www.musinsa.com/brands/restandrecreation,레스트앤레크레이션| REST&RECREATION |https://www.musinsa.com/brands/restandrecreation
파르티멘토 우먼, PARTIMENTO WOMEN ,https://www.musinsa.com/brands/partimentowomen,파르티멘토 우먼| PARTIMENTO WOMEN |https://www.musinsa.com/brands/partimentowomen
그로브, GROVE ,https://www.musinsa.com/brands/grove,그로브| GROVE |https://www.musinsa.com/brands/grove
와릿이즌, WHATITISNT ,https://www.musinsa.com/brands/whatitisnt,와릿이즌| WHATITISNT |https://www.musinsa.com/brands/whatitisnt
모이아, MOIA ,https://www.musinsa.com/brands/moiaco,모이아| MOIA |https://www.musinsa.com/brands/moiaco
비터셀즈, BITTERCELLS ,https://www.musinsa.com/brands/bittercells,비터셀즈| BITTERCELLS |https://www.musinsa.com/brands/bittercells
플레이스 스튜디오, PLACE STUDIO ,https://www.musinsa.com/brands/placestudio,플레이스 스튜디오| PLACE STUDIO |https://www.musinsa.com/brands/placestudio
잇자바이브, ITZAVIBE ,https://www.musinsa.com/brands/itzavibe,잇자바이브| ITZAVIBE |https://www.musinsa.com/brands/itzavibe
오소이, OSOI ,https://www.musinsa.com/brands/osoi,오소이| OSOI |https://www.musinsa.com/brands/osoi
락케이크, ROCKCAKE ,https://www.musinsa.com/brands/rockcake,락케이크| ROCKCAKE |https://www.musinsa.com/brands/rockcake
키뮤어, KIIMUIR ,https://www.musinsa.com/brands/kiimuir,키뮤어| KIIMUIR |https://www.musinsa.com/brands/kiimuir
던스트 포 우먼, DUNST FOR WOMEN ,https://www.musinsa.com/brands/dunstforwomen,던스트 포 우먼| DUNST FOR WOMEN |https://www.musinsa.com/brands/dunstforwomen
인사일런스 우먼, INSILENCE WOMEN ,https://www.musinsa.com/brands/insilencewomen,인사일런스 우먼| INSILENCE WOMEN |https://www.musinsa.com/brands/insilencewomen
라퍼지 포 우먼, LAFUDGE FOR WOMAN ,https://www.musinsa.com/brands/lafudgeforwomen,라퍼지 포 우먼| LAFUDGE FOR WOMAN |https://www.musinsa.com/brands/lafudgeforwomen
프렌다, PRENDA ,https://www.musinsa.com/brands/prendafromplant,프렌다| PRENDA |https://www.musinsa.com/brands/prendafromplant
예일, YALE ,https://www.musinsa.com/brands/yale,예일| YALE |https://www.musinsa.com/brands/yale
질바이질스튜어트, JILL BY JILLSTUART ,https://www.musinsa.com/brands/jillbyjillstuartacc,질바이질스튜어트| JILL BY JILLSTUART |https://www.musinsa.com/brands/jillbyjillstuartacc
마르디 메크르디, MARDI MERCREDI ,https://www.musinsa.com/brands/mardimercredi,마르디 메크르디| MARDI MERCREDI |https://www.musinsa.com/brands/mardimercredi
노이아고, NOIAGO ,https://www.musinsa.com/brands/noiago,노이아고| NOIAGO |https://www.musinsa.com/brands/noiago
코드그라피, CODEGRAPHY ,https://www.musinsa.com/brands/codegraphy,코드그라피| CODEGRAPHY |https://www.musinsa.com/brands/codegraphy
오디너리홀리데이, ORDINARY HOLIDAY ,https://www.musinsa.com/brands/ordinaryholiday,오디너리홀리데이| ORDINARY HOLIDAY |https://www.musinsa.com/brands/ordinaryholiday
아카이브앱크, ARCHIVEPKE ,https://www.musinsa.com/brands/archivepke,아카이브앱크| ARCHIVEPKE |https://www.musinsa.com/brands/archivepke
배드블러드, BADBLOOD ,https://www.musinsa.com/brands/badblood,배드블러드| BADBLOOD |https://www.musinsa.com/brands/badblood
어반드레스, AVANDRESS ,https://www.musinsa.com/brands/avan,어반드레스| AVANDRESS |https://www.musinsa.com/brands/avan
로씨로씨, ROCCI ROCCI ,https://www.musinsa.com/brands/roccirocci,로씨로씨| ROCCI ROCCI |https://www.musinsa.com/brands/roccirocci
마리떼, MARITHE FRANCOIS GIRBAUD ,https://www.musinsa.com/brands/marithefrancoisgirbaud,마리떼| MARITHE FRANCOIS GIRBAUD |https://www.musinsa.com/brands/marithefrancoisgirbaud
제이에스티나, JESTINA ,https://www.musinsa.com/brands/jestina,제이에스티나| JESTINA |https://www.musinsa.com/brands/jestina
엘무드, LMOOD ,https://www.musinsa.com/brands/lmood,엘무드| LMOOD |https://www.musinsa.com/brands/lmood
하이스쿨디스코, HIGH SCHOOL DISCO ,https://www.musinsa.com/brands/highschooldisco,하이스쿨디스코| HIGH SCHOOL DISCO |https://www.musinsa.com/brands/highschooldisco
론론, RONRON ,https://www.musinsa.com/brands/ronron,론론| RONRON |https://www.musinsa.com/brands/ronron
네스티팬시클럽, NASTY FANCY CLUB ,https://www.musinsa.com/brands/nastyfancyclub,네스티팬시클럽| NASTY FANCY CLUB |https://www.musinsa.com/brands/nastyfancyclub
레이브, RAIVE ,https://www.musinsa.com/brands/raive,레이브| RAIVE |https://www.musinsa.com/brands/raive
굿라이프웍스, GLW ,https://www.musinsa.com/brands/goodlifeworks,굿라이프웍스| GLW |https://www.musinsa.com/brands/goodlifeworks
리, LEE ,https://www.musinsa.com/brands/lee,리| LEE |https://www.musinsa.com/brands/lee
스파오, SPAO ,https://www.musinsa.com/brands/spao,스파오| SPAO |https://www.musinsa.com/brands/spao
노스페이스, THE NORTH FACE ,https://www.musinsa.com/brands/thenorthface,노스페이스| THE NORTH FACE |https://www.musinsa.com/brands/thenorthface
스탠드오일, STAND OIL ,https://www.musinsa.com/brands/standoil,스탠드오일| STAND OIL |https://www.musinsa.com/brands/standoil
레이디 볼륨, LADY VOLUME ,https://www.musinsa.com/brands/ladyvolume,레이디 볼륨| LADY VOLUME |https://www.musinsa.com/brands/ladyvolume
슈펜, SHOOPEN ,https://www.musinsa.com/brands/shoopen,슈펜| SHOOPEN |https://www.musinsa.com/brands/shoopen
디스커버리 익스페디션, DISCOVERY EXPEDITION ,https://www.musinsa.com/brands/discoveryexpedition,디스커버리 익스페디션| DISCOVERY EXPEDITION |https://www.musinsa.com/brands/discoveryexpedition
수아레, SUARE ,https://www.musinsa.com/brands/suare,수아레| SUARE |https://www.musinsa.com/brands/suare
아디다스, ADIDAS ,https://www.musinsa.com/brands/adidas,아디다스| ADIDAS |https://www.musinsa.com/brands/adidas
컨버스, CONVERSE ,https://www.musinsa.com/brands/converse,컨버스| CONVERSE |https://www.musinsa.com/brands/converse
커버낫, COVERNAT ,https://www.musinsa.com/brands/covernat,커버낫| COVERNAT |https://www.musinsa.com/brands/covernat
드로우핏, DRAW FIT ,https://www.musinsa.com/brands/drawfit,드로우핏| DRAW FIT |https://www.musinsa.com/brands/drawfit
닥터마틴, DR.MARTENS ,https://www.musinsa.com/brands/drmartens,닥터마틴| DR.MARTENS |https://www.musinsa.com/brands/drmartens
키르시, KIRSH ,https://www.musinsa.com/brands/kirsh,키르시| KIRSH |https://www.musinsa.com/brands/kirsh
라퍼지스토어, LAFUDGESTORE ,https://www.musinsa.com/brands/lafudgestore,라퍼지스토어| LAFUDGESTORE |https://www.musinsa.com/brands/lafudgestore
룩캐스트, LOOKAST ,https://www.musinsa.com/brands/lookast,룩캐스트| LOOKAST |https://www.musinsa.com/brands/lookast
러브이즈트루, LUV IS TRUE ,https://www.musinsa.com/brands/luvistrue,러브이즈트루| LUV IS TRUE |https://www.musinsa.com/brands/luvistrue
나이키, NIKE ,https://www.musinsa.com/brands/nike,나이키| NIKE |https://www.musinsa.com/brands/nike
파르티멘토, PARTIMENTO ,https://www.musinsa.com/brands/partimento,파르티멘토| PARTIMENTO |https://www.musinsa.com/brands/partimento
플랙, PLAC ,https://www.musinsa.com/brands/plac,플랙| PLAC |https://www.musinsa.com/brands/plac
로라로라, ROLAROLA ,https://www.musinsa.com/brands/rolarola,로라로라| ROLAROLA |https://www.musinsa.com/brands/rolarola
러닝하이, RUNNING HIGH ,https://www.musinsa.com/brands/runninghigh,러닝하이| RUNNING HIGH |https://www.musinsa.com/brands/runninghigh
스컬프터, SCULPTOR ,https://www.musinsa.com/brands/sculptor,스컬프터| SCULPTOR |https://www.musinsa.com/brands/sculptor
디스이즈네버댓, THISISNEVERTHAT ,https://www.musinsa.com/brands/thisisneverthat,디스이즈네버댓| THISISNEVERTHAT |https://www.musinsa.com/brands/thisisneverthat
유니폼브릿지, UNIFORM BRIDGE ,https://www.musinsa.com/brands/uniformbridge,유니폼브릿지| UNIFORM BRIDGE |https://www.musinsa.com/brands/uniformbridge
반스, VANS ,https://www.musinsa.com/brands/vans,반스| VANS |https://www.musinsa.com/brands/vans
제로, XERO ,https://www.musinsa.com/brands/xero,제로| XERO |https://www.musinsa.com/brands/xero
인사일런스, INSILENCE ,https://www.musinsa.com/brands/insilence,인사일런스| INSILENCE |https://www.musinsa.com/brands/insilence
5252 바이 오아이오아이, 5252BYOIOI ,https://www.musinsa.com/brands/5252byoioi,5252 바이 오아이오아이| 5252BYOIOI |https://www.musinsa.com/brands/5252byoioi
필루미네이트, FILLUMINATE ,https://www.musinsa.com/brands/filluminate,필루미네이트| FILLUMINATE |https://www.musinsa.com/brands/filluminate
제멋, JEMUT ,https://www.musinsa.com/brands/jemut,제멋| JEMUT |https://www.musinsa.com/brands/jemut
라티젠, LARTIGENT ,https://www.musinsa.com/brands/lartigent,라티젠| LARTIGENT |https://www.musinsa.com/brands/lartigent
무신사 스탠다드, MUSINSA STANDARD ,https://www.musinsa.com/brands/musinsastandard,무신사 스탠다드| MUSINSA STANDARD |https://www.musinsa.com/brands/musinsastandard
내셔널지오그래픽, NATIONALGEOGRAPHIC ,https://www.musinsa.com/brands/nationalgeographic,내셔널지오그래픽| NATIONALGEOGRAPHIC |https://www.musinsa.com/brands/nationalgeographic
프루아, FFROI ,https://www.musinsa.com/brands/ffroi,프루아| FFROI |https://www.musinsa.com/brands/ffroi
파인드카푸어, FIND KAPOOR ,https://www.musinsa.com/brands/findkapoor,파인드카푸어| FIND KAPOOR |https://www.musinsa.com/brands/findkapoor
마지셔우드, MARGESHERWOOD ,https://www.musinsa.com/brands/margesherwood,마지셔우드| MARGESHERWOOD |https://www.musinsa.com/brands/margesherwood
아모멘토, AMOMENTO ,https://www.musinsa.com/brands/amomento,아모멘토| AMOMENTO |https://www.musinsa.com/brands/amomento
트릴리온, TRILLION ,https://www.musinsa.com/brands/trillion,트릴리온| TRILLION |https://www.musinsa.com/brands/trillion
에스피오나지, ESPIONAGE ,https://www.musinsa.com/brands/espionage,에스피오나지| ESPIONAGE |https://www.musinsa.com/brands/espionage
브랜디드, BRANDED ,https://www.musinsa.com/brands/branded,브랜디드| BRANDED |https://www.musinsa.com/brands/branded
인스턴트펑크, INSTANTFUNK ,https://www.musinsa.com/brands/instantfunk,인스턴트펑크| INSTANTFUNK |https://www.musinsa.com/brands/instantfunk
테이크이지, TAKEASY ,https://www.musinsa.com/brands/takeasy,테이크이지| TAKEASY |https://www.musinsa.com/brands/takeasy
어나더 오피스, ANOTHER OFFICE ,https://www.musinsa.com/brands/anotheroffice,어나더 오피스| ANOTHER OFFICE |https://www.musinsa.com/brands/anotheroffice
비슬로우, BESLOW ,https://www.musinsa.com/brands/beslow,비슬로우| BESLOW |https://www.musinsa.com/brands/beslow
빅유니온, BIG UNION ,https://www.musinsa.com/brands/bigunion,빅유니온| BIG UNION |https://www.musinsa.com/brands/bigunion
브렌슨, BRENSON ,https://www.musinsa.com/brands/brenson,브렌슨| BRENSON |https://www.musinsa.com/brands/brenson
시티브리즈, CITY BREEZE ,https://www.musinsa.com/brands/citybreeze,시티브리즈| CITY BREEZE |https://www.musinsa.com/brands/citybreeze
쿠어, COOR ,https://www.musinsa.com/brands/coor,쿠어| COOR |https://www.musinsa.com/brands/coor
다이애그널, DIAGONAL ,https://www.musinsa.com/brands/diagonal,다이애그널| DIAGONAL |https://www.musinsa.com/brands/diagonal
도프제이슨, DOFFJASON ,https://www.musinsa.com/brands/doffjason,도프제이슨| DOFFJASON |https://www.musinsa.com/brands/doffjason
엔조 블루스, ENZO BLUES ,https://www.musinsa.com/brands/enzoblues,엔조 블루스| ENZO BLUES |https://www.musinsa.com/brands/enzoblues
프리즘웍스, FRIZMWORKS ,https://www.musinsa.com/brands/frizmworks,프리즘웍스| FRIZMWORKS |https://www.musinsa.com/brands/frizmworks
일꼬르소, IL CORSO ,https://www.musinsa.com/brands/ilcorso,일꼬르소| IL CORSO |https://www.musinsa.com/brands/ilcorso
로우클래식, LOW CLASSIC ,https://www.musinsa.com/brands/lowclassic,로우클래식| LOW CLASSIC |https://www.musinsa.com/brands/lowclassic
마크모크, MAC MOC ,https://www.musinsa.com/brands/macmoc,마크모크| MAC MOC |https://www.musinsa.com/brands/macmoc
밀리언코르, MILLIONCOR ,https://www.musinsa.com/brands/millioncor,밀리언코르| MILLIONCOR |https://www.musinsa.com/brands/millioncor
엠엘비, MLB ,https://www.musinsa.com/brands/mlb,엠엘비| MLB |https://www.musinsa.com/brands/mlb
모드나인, MODNINE ,https://www.musinsa.com/brands/modnine,모드나인| MODNINE |https://www.musinsa.com/brands/modnine
닉앤니콜, NICK&NICOLE ,https://www.musinsa.com/brands/nicknicole,닉앤니콜| NICK&NICOLE |https://www.musinsa.com/brands/nicknicole
노이어, NOIRER ,https://www.musinsa.com/brands/noirer,노이어| NOIRER |https://www.musinsa.com/brands/noirer
아웃스탠딩, OUTSTANDING ,https://www.musinsa.com/brands/outstanding,아웃스탠딩| OUTSTANDING |https://www.musinsa.com/brands/outstanding
폴로 랄프 로렌, POLO RALPH LAUREN ,https://www.musinsa.com/brands/poloralphlauren,폴로 랄프 로렌| POLO RALPH LAUREN |https://www.musinsa.com/brands/poloralphlauren
로맨틱무브, ROMANTIC MOVE ,https://www.musinsa.com/brands/romanticmove,로맨틱무브| ROMANTIC MOVE |https://www.musinsa.com/brands/romanticmove
소프트서울, SOFT SEOUL ,https://www.musinsa.com/brands/softseoul,소프트서울| SOFT SEOUL |https://www.musinsa.com/brands/softseoul
토피, TOFFEE ,https://www.musinsa.com/brands/toffee,토피| TOFFEE |https://www.musinsa.com/brands/toffee
에이카화이트, AECA WHITE ,https://www.musinsa.com/brands/aecawhite,에이카화이트| AECA WHITE |https://www.musinsa.com/brands/aecawhite
에이징씨씨씨, AGINGCCC ,https://www.musinsa.com/brands/aging,에이징씨씨씨| AGINGCCC |https://www.musinsa.com/brands/aging
아카이브 볼드, ARCHIVE BOLD ,https://www.musinsa.com/brands/archivebold,아카이브 볼드| ARCHIVE BOLD |https://www.musinsa.com/brands/archivebold
어텐션로우, ATTENTIONROW ,https://www.musinsa.com/brands/attentionrow,어텐션로우| ATTENTIONROW |https://www.musinsa.com/brands/attentionrow
배드블러드 라운지웨어, BADBLOOD LOUNGE WEAR ,https://www.musinsa.com/brands/badbloodloungewear,배드블러드 라운지웨어| BADBLOOD LOUNGE WEAR |https://www.musinsa.com/brands/badbloodloungewear
배드인배드, BADINBAD ,https://www.musinsa.com/brands/badinbad,배드인배드| BADINBAD |https://www.musinsa.com/brands/badinbad
본챔스, BORN CHAMPS ,https://www.musinsa.com/brands/bornchamps,본챔스| BORN CHAMPS |https://www.musinsa.com/brands/bornchamps
브라운브레스, BROWNBREATH ,https://www.musinsa.com/brands/brownbreath,브라운브레스| BROWNBREATH |https://www.musinsa.com/brands/brownbreath
클로브, CLOVE ,https://www.musinsa.com/brands/clove,클로브| CLOVE |https://www.musinsa.com/brands/clove
클럽액티비티, CLUBACTIVITY ,https://www.musinsa.com/brands/clubactivity,클럽액티비티| CLUBACTIVITY |https://www.musinsa.com/brands/clubactivity
커스텀어클락, COSTUME O’CLOCK ,https://www.musinsa.com/brands/costumeoclock,커스텀어클락| COSTUME O’CLOCK |https://www.musinsa.com/brands/costumeoclock
크리틱, CRITIC ,https://www.musinsa.com/brands/critic,크리틱| CRITIC |https://www.musinsa.com/brands/critic
다이아몬드 레이라, DIAMOND LAYLA ,https://www.musinsa.com/brands/diamondlayla,다이아몬드 레이라| DIAMOND LAYLA |https://www.musinsa.com/brands/diamondlayla
이벳필드, EBBETSFIELD ,https://www.musinsa.com/brands/ebbetsfield,이벳필드| EBBETSFIELD |https://www.musinsa.com/brands/ebbetsfield
에노우, ENOU ,https://www.musinsa.com/brands/enou,에노우| ENOU |https://www.musinsa.com/brands/enou
이피티, EPT ,https://www.musinsa.com/brands/ept,이피티| EPT |https://www.musinsa.com/brands/ept
팔렛, FALLETT ,https://www.musinsa.com/brands/fallett,팔렛| FALLETT |https://www.musinsa.com/brands/fallett
에프씨엠엠, FCMM ,https://www.musinsa.com/brands/fcmm,에프씨엠엠| FCMM |https://www.musinsa.com/brands/fcmm
피렌체 아뜨리에, FIRENZE ATELIER ,https://www.musinsa.com/brands/firenzeatelier,피렌체 아뜨리에| FIRENZE ATELIER |https://www.musinsa.com/brands/firenzeatelier
플라키키, FLAKIKI ,https://www.musinsa.com/brands/flakiki,플라키키| FLAKIKI |https://www.musinsa.com/brands/flakiki
기프트오리지널, GIFTORIGINAL ,https://www.musinsa.com/brands/giftoriginal,기프트오리지널| GIFTORIGINAL |https://www.musinsa.com/brands/giftoriginal
가터갤러리, GOTTER GALLERY ,https://www.musinsa.com/brands/gottergallery,가터갤러리| GOTTER GALLERY |https://www.musinsa.com/brands/gottergallery
그루브라임, GROOVE RHYME ,https://www.musinsa.com/brands/grooverhyme,그루브라임| GROOVE RHYME |https://www.musinsa.com/brands/grooverhyme
인템포무드, INTEMPOMOOD ,https://www.musinsa.com/brands/intempomood,인템포무드| INTEMPOMOOD |https://www.musinsa.com/brands/intempomood
이스트쿤스트, IST KUNST ,https://www.musinsa.com/brands/istkunst,이스트쿤스트| IST KUNST |https://www.musinsa.com/brands/istkunst
제이미웨스트, JAMIE WEST ,https://www.musinsa.com/brands/jamiewest,제이미웨스트| JAMIE WEST |https://www.musinsa.com/brands/jamiewest
집시, JIPSY ,https://www.musinsa.com/brands/jipsy,집시| JIPSY |https://www.musinsa.com/brands/jipsy
니티드, KNITTED ,https://www.musinsa.com/brands/knitted,니티드| KNITTED |https://www.musinsa.com/brands/knitted
엘엠씨, LMC ,https://www.musinsa.com/brands/lmc,엘엠씨| LMC |https://www.musinsa.com/brands/lmc
로에카, LOEKA ,https://www.musinsa.com/brands/loeka,로에카| LOEKA |https://www.musinsa.com/brands/loeka
로스트가든, LOSTGARDEN ,https://www.musinsa.com/brands/lostgarden,로스트가든| LOSTGARDEN |https://www.musinsa.com/brands/lostgarden
라츠, LOTS ,https://www.musinsa.com/brands/lots,라츠| LOTS |https://www.musinsa.com/brands/lots
마하그리드, MAHAGRID ,https://www.musinsa.com/brands/mahagrid,마하그리드| MAHAGRID |https://www.musinsa.com/brands/mahagrid
맨온더분, MAN ON THE BOON ,https://www.musinsa.com/brands/manontheboon,맨온더분| MAN ON THE BOON |https://www.musinsa.com/brands/manontheboon
마우이앤선즈, MAUI&SONS ,https://www.musinsa.com/brands/mauisons,마우이앤선즈| MAUI&SONS |https://www.musinsa.com/brands/mauisons
멜란지 마스터, MELANGE MASTER ,https://www.musinsa.com/brands/melangemaster,멜란지 마스터| MELANGE MASTER |https://www.musinsa.com/brands/melangemaster
엠엠지엘, MMGL ,https://www.musinsa.com/brands/mmgl,엠엠지엘| MMGL |https://www.musinsa.com/brands/mmgl
엠엠엘지, MMLG ,https://www.musinsa.com/brands/mmlg,엠엠엘지| MMLG |https://www.musinsa.com/brands/mmlg
모디파이드, MODIFIED ,https://www.musinsa.com/brands/modified,모디파이드| MODIFIED |https://www.musinsa.com/brands/modified
몰텐, MOLTEN ,https://www.musinsa.com/brands/molten,몰텐| MOLTEN |https://www.musinsa.com/brands/molten
무신사 스탠다드 키즈, MUSINSA STANDARD KIDS ,https://www.musinsa.com/brands/musinsastandardkids,무신사 스탠다드 키즈| MUSINSA STANDARD KIDS |https://www.musinsa.com/brands/musinsastandardkids
네이머클로딩, NAMERCLOTHING ,https://www.musinsa.com/brands/namerclothing,네이머클로딩| NAMERCLOTHING |https://www.musinsa.com/brands/namerclothing
나이스고스트클럽, NICE GHOST CLUB ,https://www.musinsa.com/brands/niceghostclub,나이스고스트클럽| NICE GHOST CLUB |https://www.musinsa.com/brands/niceghostclub
노매뉴얼, NOMANUAL ,https://www.musinsa.com/brands/nomanual,노매뉴얼| NOMANUAL |https://www.musinsa.com/brands/nomanual
페이퍼리즘, PAPERISM ,https://www.musinsa.com/brands/paperism,페이퍼리즘| PAPERISM |https://www.musinsa.com/brands/paperism
파츠, PARTS ,https://www.musinsa.com/brands/parts,파츠| PARTS |https://www.musinsa.com/brands/parts
펜필드, PENFIELD ,https://www.musinsa.com/brands/penfield,펜필드| PENFIELD |https://www.musinsa.com/brands/penfield
페레그린, PEREGRINE ,https://www.musinsa.com/brands/peregrine,페레그린| PEREGRINE |https://www.musinsa.com/brands/peregrine
피지컬 에듀케이션 디파트먼트, PHYSICAL EDUCATION DEPARTMENT ,https://www.musinsa.com/brands/physicaleducation,피지컬 에듀케이션 디파트먼트| PHYSICAL EDUCATION DEPARTMENT |https://www.musinsa.com/brands/physicaleducation
피스워커, PIECE WORKER ,https://www.musinsa.com/brands/pieceworker,피스워커| PIECE WORKER |https://www.musinsa.com/brands/pieceworker
폴킨, POLKIN ,https://www.musinsa.com/brands/polkin,폴킨| POLKIN |https://www.musinsa.com/brands/polkin
포니테일투어걸, PONYTAIL TOUR GIRL ,https://www.musinsa.com/brands/ponytailtourgirl,포니테일투어걸| PONYTAIL TOUR GIRL |https://www.musinsa.com/brands/ponytailtourgirl
프레리, PRAIRIE ,https://www.musinsa.com/brands/prairie,프레리| PRAIRIE |https://www.musinsa.com/brands/prairie
프로스펙스, PROSPECS ,https://www.musinsa.com/brands/prospecs,프로스펙스| PROSPECS |https://www.musinsa.com/brands/prospecs
로맨틱크라운, ROMANTIC CROWN ,https://www.musinsa.com/brands/romanticcrown,로맨틱크라운| ROMANTIC CROWN |https://www.musinsa.com/brands/romanticcrown
로맨틱무브 우먼, ROMANTIC MOVE WOMAN ,https://www.musinsa.com/brands/romanticmovewoman,로맨틱무브 우먼| ROMANTIC MOVE WOMAN |https://www.musinsa.com/brands/romanticmovewoman
로맨틱 파이어리츠, ROMANTICPIRATES ,https://www.musinsa.com/brands/romanticpirates,로맨틱 파이어리츠| ROMANTICPIRATES |https://www.musinsa.com/brands/romanticpirates
로얄라이프, ROYALLIFE ,https://www.musinsa.com/brands/royallife,로얄라이프| ROYALLIFE |https://www.musinsa.com/brands/royallife
러커즈, RUCKUZ ,https://www.musinsa.com/brands/ruckuz,러커즈| RUCKUZ |https://www.musinsa.com/brands/ruckuz
세븐셀라, SEVENSELAH ,https://www.musinsa.com/brands/sevenselah,세븐셀라| SEVENSELAH |https://www.musinsa.com/brands/sevenselah
슬로우애시드, SLOW ACID ,https://www.musinsa.com/brands/slowacid,슬로우애시드| SLOW ACID |https://www.musinsa.com/brands/slowacid
소버먼트, SOVERMENT ,https://www.musinsa.com/brands/sovermentwithlomort,소버먼트| SOVERMENT |https://www.musinsa.com/brands/sovermentwithlomort
트레셔, THRASHER ,https://www.musinsa.com/brands/thrasher,트레셔| THRASHER |https://www.musinsa.com/brands/thrasher
토니호크, TONYHAWK ,https://www.musinsa.com/brands/tonyhawk,토니호크| TONYHAWK |https://www.musinsa.com/brands/tonyhawk
트래블, TRAVEL ,https://www.musinsa.com/brands/travel,트래블| TRAVEL |https://www.musinsa.com/brands/travel
엄브로, UMBRO ,https://www.musinsa.com/brands/umbro,엄브로| UMBRO |https://www.musinsa.com/brands/umbro
어반스터프, URBANSTOFF ,https://www.musinsa.com/brands/urbanstoff,어반스터프| URBANSTOFF |https://www.musinsa.com/brands/urbanstoff
베리베인, VERYVAIN ,https://www.musinsa.com/brands/veryvain,베리베인| VERYVAIN |https://www.musinsa.com/brands/veryvain
비바스튜디오, VIVASTUDIO ,https://www.musinsa.com/brands/vivastudio,비바스튜디오| VIVASTUDIO |https://www.musinsa.com/brands/vivastudio
예일 골프, YALE GOLF ,https://www.musinsa.com/brands/yalegolf,예일 골프| YALE GOLF |https://www.musinsa.com/brands/yalegolf
야세, YASE ,https://www.musinsa.com/brands/yase,야세| YASE |https://www.musinsa.com/brands/yase
예스아이씨, YESEYESEE ,https://www.musinsa.com/brands/yeseyesee,예스아이씨| YESEYESEE |https://www.musinsa.com/brands/yeseyesee
유어라이프히얼, YOUR LIFE HERE ,https://www.musinsa.com/brands/yourlifehere,유어라이프히얼| YOUR LIFE HERE |https://www.musinsa.com/brands/yourlifehere
1993스튜디오, 1993STUDIO ,https://www.musinsa.com/brands/1993studio,1993스튜디오| 1993STUDIO |https://www.musinsa.com/brands/1993studio
86로드, 86ROAD ,https://www.musinsa.com/brands/86road,86로드| 86ROAD |https://www.musinsa.com/brands/86road